studentnum,studentname,scoretotal,scorechinese,scoremath,scoreenglish,scorecomprehensive,isRelegated,universitynum,universityname,majornum,majorname
715,xie,741,150,150,150,291,0,1,Peking University,2,Mathmatics
118,yuan,740,150,150,150,290,0,1,Peking University,1,Computer science
921,kai,740,140,150,150,300,0,1,Peking University,3,Stastics
13,wangmin,670,134,139,135,262,0,5,Capital Medical University,1,Clinical medicine
23,zhangshan,668,127,140,141,260,0,5,Capital Medical University,3,nursing
9,peixin,660,133,135,141,251,0,8,Shanghai International Studies University,1,Translation
26,guxin,658,123,136,142,257,0,5,Capital Medical University,3,nursing
6,wangyu,654,128,138,131,255,0,2,Beijing University of Technology,1,Computer science
5,wangsi,653,136,133,128,255,0,2,Beijing University of Technology,3,Sofetware engineering
4,wangyan,652,133,136,138,245,0,2,Beijing University of Technology,3,Sofetware engineering
3,guli,651,133,135,138,245,0,2,Beijing University of Technology,3,Sofetware engineering
2,wangdu,650,132,135,138,245,0,2,Beijing University of Technology,2,Mathmatics
27,guwei,641,129,134,131,247,0,5,Capital Medical University,3,nursing
30,wangqi,640,124,132,135,249,0,5,Capital Medical University,3,nursing
12,zhushu,638,124,132,138,244,0,4,Beijing Institute of Technology,1,Computer science
7,guoshao,635,125,137,135,255,0,2,Beijing University of Technology,2,Mathmatics
31,biyue,633,132,130,132,239,0,5,Capital Medical University,3,nursing
16,zhangjia,632,118,135,142,237,0,5,Capital Medical University,2,Medicine
15,peiliu,631,126,125,140,240,0,5,Capital Medical University,2,Medicine
1,zhangyang,630,120,135,140,235,0,2,Beijing University of Technology,4,Finance
25,wanglu,628,119,134,130,245,0,5,Capital Medical University,4,Biomedical engineering
22,zhuwen,628,115,123,137,253,0,5,Capital Medical University,5,Law
14,zhaoyi,620,124,129,125,242,0,3,Central University of Finance and Economics,4,Urban management
28,wanghan,620,109,133,130,248,0,3,Central University of Finance and Economics,3,Insurance
20,shenqing,619,128,131,142,218,0,3,Central University of Finance and Economics,3,Insurance
21,luobing,615,120,135,137,223,0,3,Central University of Finance and Economics,3,Insurance
17,zhaohang,614,110,124,132,248,0,3,Central University of Finance and Economics,2,Mathmatics
10,zhanglu,610,114,111,139,246,0,7,East China Normal University,1,Stastics
19,chenchu,604,124,127,143,210,0,3,Central University of Finance and Economics,1,Finance
8,wangtian,600,105,110,140,245,0,3,Central University of Finance and Economics,1,Finance
29,wangxuan,599,108,123,129,239,0,3,Central University of Finance and Economics,5,Law
18,zhangyuan,594,119,122,143,210,0,3,Central University of Finance and Economics,5,Law
24,liuran,587,104,125,132,226,0,3,Central University of Finance and Economics,5,Law
11,duxin,570,102,112,130,226,0,8,Shanghai International Studies University,3,French
